Model,Accuracy,AUC
CatBoost,0.9213188460097415,0.9463529446953024
LightGBM,0.9127013862869989,0.946413481291617
Gradient Boosting,0.9073310853003622,0.9453535260744196
Random Forest,0.89171974522293,0.9426795117419852
